SearchName,Number,Transcript,Speaker,Line,LineEnd,MatchId,URL,Before Match,Text,After Match,Target word,Target word start,Target word end,Target orthography,Match segment,Target segment,Target segment start,Target segment end,Variant,Foll_seg,Morpho status
_^(l)$,1,CB10interview2.eaf,CB10,18.418,22.534,g_13;em_12_3409;n_67826-n_67828;p_10;#=es_1_35626;prefix=01-;[0]=ew_0_28649,https://labb-cat.linguistics.pitt.edu/labbcat/transcript?ag_id=13#ew_0_28649,was,always,busy,always,21.677999999999997,21.888,always,$lw@z,l,21.708,21.738,Deleted,Cons,P
_^(l)$,2,CB10interview2.eaf,CB10,26.367,34.538,g_13;em_12_3412;n_67832-n_67834;p_10;#=es_1_35696;prefix=02-;[0]=ew_0_28670,https://labb-cat.linguistics.pitt.edu/labbcat/transcript?ag_id=13#ew_0_28670,from,Butler,to,Butler,28.017,28.417,butler,bVtl@,l,28.257,28.307,Deleted,NonC,nonpast
_^(l)$,3,CB10interview2.eaf,CB10,26.367,34.538,g_13;em_12_3412;n_67832-n_67834;p_10;#=es_1_35722;prefix=03-;[0]=ew_0_28678,https://labb-cat.linguistics.pitt.edu/labbcat/transcript?ag_id=13#ew_0_28678,it,always,being,always,30.107,30.587,always,$lwIz,l,30.217,30.437,Deleted,Cons,nonpast
_^(l)$,4,CB10interview2.eaf,CB10,26.367,34.538,g_13;em_12_3412;n_67832-n_67834;p_10;#=es_1_35749;prefix=04-;[0]=ew_0_28687,https://labb-cat.linguistics.pitt.edu/labbcat/transcript?ag_id=13#ew_0_28687,new,lot,a,lot,33.267,33.637,lot,lQt,l,33.267,33.317,Deleted,NonC,nonpast
_^(l)$,5,CB10interview2.eaf,CB10,26.367,34.538,g_13;em_12_3412;n_67832-n_67834;p_10;#=es_1_35753;prefix=05-;[0]=ew_0_28689,https://labb-cat.linguistics.pitt.edu/labbcat/transcript?ag_id=13#ew_0_28689,a,lot,of,lot,33.677,33.807,lot,lQt,l,33.677,33.707,Deleted,Cons,P
_^(l)$,6,CB10interview2.eaf,CB10,34.538,36.934,g_13;em_12_3413;n_67834-n_67836;p_10;#=es_1_35773;prefix=06-;[0]=ew_0_28694,https://labb-cat.linguistics.pitt.edu/labbcat/transcript?ag_id=13#ew_0_28694,on,Lindsay,most,Lindsay,35.467999999999996,35.738,lindsay,lInzi,l,35.467999999999996,35.498,Retained,Cons,nonpast
_^(l)$,7,CB10interview2.eaf,CB10,37.347,42.716,g_13;em_12_3415;n_67838-n_67839;p_10;#=es_1_35799;prefix=07-;[0]=ew_0_28703,https://labb-cat.linguistics.pitt.edu/labbcat/transcript?ag_id=13#ew_0_28703,been,established,and,established,37.477,38.307,established,Est{blISt,l,37.967,38.027,Deleted,Cons,nonpast
_^(l)$,8,CB10interview2.eaf,CB10,37.347,42.716,g_13;em_12_3415;n_67838-n_67839;p_10;#=es_1_35805;prefix=08-;[0]=ew_0_28706,https://labb-cat.linguistics.pitt.edu/labbcat/transcript?ag_id=13#ew_0_28706,a,lot,of,lot,38.697,38.827,lot,lQt,l,38.697,38.727,Deleted,Cons,nonpast
_^(l)$,9,CB10interview2.eaf,CB10,37.347,42.716,g_13;em_12_3415;n_67838-n_67839;p_10;#=es_1_35815;prefix=09-;[0]=ew_0_28709,https://labb-cat.linguistics.pitt.edu/labbcat/transcript?ag_id=13#ew_0_28709,the,families,that,families,39.127,39.617,families,f{mlIz,l,39.407,39.457,Retained,Cons,P
_^(l)$,10,CB10interview2.eaf,CB10,37.347,42.716,g_13;em_12_3415;n_67838-n_67839;p_10;#=es_1_35821;prefix=10-;[0]=ew_0_28711,https://labb-cat.linguistics.pitt.edu/labbcat/transcript?ag_id=13#ew_0_28711,that,live,there,live,40.157,40.367,live,lIv,l,40.157,40.197,Deleted,Cons,nonpast
_^(l)$,11,CB10interview2.eaf,CB10,37.347,42.716,g_13;em_12_3415;n_67838-n_67839;p_10;#=es_1_35828;prefix=11-;[0]=ew_0_28714,https://labb-cat.linguistics.pitt.edu/labbcat/transcript?ag_id=13#ew_0_28714,have,lived,there,lived,40.897,41.027,lived,lIvd,l,40.897,40.927,Retained,NonC,P
_^(l)$,12,CB10interview2.eaf,CB10,37.347,42.716,g_13;em_12_3415;n_67838-n_67839;p_10;#=es_1_35836;prefix=12-;[0]=ew_0_28717,https://labb-cat.linguistics.pitt.edu/labbcat/transcript?ag_id=13#ew_0_28717,as,long,as,long,41.347,41.597,long,lQN,l,41.347,41.397,Deleted,NonC,P
_^(l)$,13,CB10interview2.eaf,CB10,37.347,42.716,g_13;em_12_3415;n_67838-n_67839;p_10;#=es_1_35843;prefix=13-;[0]=ew_0_28721,https://labb-cat.linguistics.pitt.edu/labbcat/transcript?ag_id=13#ew_0_28721,have,lived,there,lived,42.097,42.247,lived,lIvd,l,42.097,42.147,Deleted,NonC,nonpast
_^(l)$,14,CB10interview2.eaf,CB10,43.267,52.826,g_13;em_12_3417;n_67840-n_67842;p_10;#=es_1_35907;prefix=14-;[0]=ew_0_28747,https://labb-cat.linguistics.pitt.edu/labbcat/transcript?ag_id=13#ew_0_28747,a,long,time,long,50.917,51.277,long,lQN,l,50.917,51.017,Deleted,NonC,nonpast
_^(l)$,15,CB10interview2.eaf,CB10,52.826,59.349,g_13;em_12_3418;n_67842-n_67843;p_10;#=es_1_35927;prefix=15-;[0]=ew_0_28752,https://labb-cat.linguistics.pitt.edu/labbcat/transcript?ag_id=13#ew_0_28752,more,development,like,development,53.096,53.746,development,d@vEl@pm@nt,l,53.326,53.476,Retained,NonC,P
_^(l)$,16,CB10interview2.eaf,CB10,52.826,59.349,g_13;em_12_3418;n_67842-n_67843;p_10;#=es_1_35934;prefix=16-;[0]=ew_0_28753,https://labb-cat.linguistics.pitt.edu/labbcat/transcript?ag_id=13#ew_0_28753,development,like,as,like,53.786,53.986,like,l2k,l,53.786,53.816,Retained,NonC,P
_^(l)$,17,CB10interview2.eaf,CB10,52.826,59.349,g_13;em_12_3418;n_67842-n_67843;p_10;#=es_1_35960;prefix=17-;[0]=ew_0_28763,https://labb-cat.linguistics.pitt.edu/labbcat/transcript?ag_id=13#ew_0_28763,was,like,a,like,55.936,56.116,like,l2k,l,55.936,55.966,Deleted,Cons,P
_^(l)$,18,CB10interview2.eaf,CB10,52.826,59.349,g_13;em_12_3418;n_67842-n_67843;p_10;#=es_1_35964;prefix=18-;[0]=ew_0_28765,https://labb-cat.linguistics.pitt.edu/labbcat/transcript?ag_id=13#ew_0_28765,a,large,farm,large,56.206,56.516,large,l#_,l,56.206,56.286,Deleted,NonC,P
_^(l)$,19,CB10interview2.eaf,CB10,52.826,59.349,g_13;em_12_3418;n_67842-n_67843;p_10;#=es_1_35974;prefix=19-;[0]=ew_0_28768,https://labb-cat.linguistics.pitt.edu/labbcat/transcript?ag_id=13#ew_0_28768,for,sale .,that,sale .,57.046,57.546,sale,s1l,l,57.386,57.546,Deleted,NonC,nonpast
_^(l)$,20,CB10interview2.eaf,CB10,59.731,65.255,g_13;em_12_3423;n_67844-n_67845;p_10;#=es_1_36000;prefix=20-;[0]=ew_0_28785,https://labb-cat.linguistics.pitt.edu/labbcat/transcript?ag_id=13#ew_0_28785,immediate,little,zone .,little,60.931,61.211,little,lItP,l,60.931,60.961,Retained,Cons,P
_^(l)$,21,CB10interview2.eaf,CB10,59.731,65.255,g_13;em_12_3423;n_67844-n_67845;p_10;#=es_1_36022;prefix=21-;[0]=ew_0_28791,https://labb-cat.linguistics.pitt.edu/labbcat/transcript?ag_id=13#ew_0_28791,property,below,and,below,63.631,64.071,below,bIl5,l,63.731,63.841,Deleted,NonC,nonpast
_^(l)$,22,CB10interview2.eaf,CB10,65.605,67.5,g_13;em_12_3425;n_67846-n_67847;p_10;#=es_1_36041;prefix=22-;[0]=ew_0_28799,https://labb-cat.linguistics.pitt.edu/labbcat/transcript?ag_id=13#ew_0_28799,haven't,really,been,really,66.08500000000001,66.405,really,r7lI,l,66.215,66.275,Deleted,NonC,P
_^(l)$,23,CB10interview2.eaf,CB10,69.944,77.339,g_13;em_12_3427;n_67848-n_67849;p_10;#=es_1_36064;prefix=23-;[0]=ew_0_28811,https://labb-cat.linguistics.pitt.edu/labbcat/transcript?ag_id=13#ew_0_28811,dad,built,that,built,70.59400000000001,70.764,built,bIlt,l,70.664,70.73400000000001,Deleted,Cons,nonpast
_^(l)$,24,CB10interview2.eaf,CB10,69.944,77.339,g_13;em_12_3427;n_67848-n_67849;p_10;#=es_1_36088;prefix=24-;[0]=ew_0_28818,https://labb-cat.linguistics.pitt.edu/labbcat/transcript?ag_id=13#ew_0_28818,they,lived,in,lived,73.584,73.884,lived,lIvd,l,73.584,73.654,Retained,Cons,nonpast
_^(l)$,25,CB10interview2.eaf,CB10,87.87,91.3,g_13;em_12_3433;n_67854-n_67856;p_10;#=es_1_36197;prefix=25-;[0]=ew_0_28877,https://labb-cat.linguistics.pitt.edu/labbcat/transcript?ag_id=13#ew_0_28877,are,probably,the,probably,89.43,90.1,probably,prQb@blI,l,89.86,89.93,Deleted,Cons,nonpast
_^(l)$,26,CB10interview2.eaf,CB10,91.922,97.596,g_13;em_12_3435;n_67858-n_69851;p_10;#=es_1_36219;prefix=26-;[0]=ew_0_28883,https://labb-cat.linguistics.pitt.edu/labbcat/transcript?ag_id=13#ew_0_28883,been -,probably,another,probably,94.862,95.612,probably,prQb@blI,l,95.412,95.572,Retained,Cons,P
_^(l)$,27,CB10interview2.eaf,CB10,91.922,97.596,g_13;em_12_3435;n_67858-n_69851;p_10;#=es_1_36241;prefix=27-;[0]=ew_0_28890,https://labb-cat.linguistics.pitt.edu/labbcat/transcript?ag_id=13#ew_0_28890,were,built,in,built,96.542,96.682,built,bIlt,l,96.622,96.652,Deleted,NonC,nonpast
_^(l)$,28,CB10interview2.eaf,CB10,98.03,99.301,g_13;em_12_3437;n_67862-n_67863;p_10;#=es_1_36259;prefix=28-;[0]=ew_0_28898,https://labb-cat.linguistics.pitt.edu/labbcat/transcript?ag_id=13#ew_0_28898,your,split,entry,split,98.05,98.42,split,splIt,l,98.22,98.3,Retained,Cons,P
_^(l)$,29,CB10interview2.eaf,CB10,117.653,122.045,g_13;em_12_3454;n_67876-n_67878;p_10;#=es_1_36343;prefix=29-;[0]=ew_0_28985,https://labb-cat.linguistics.pitt.edu/labbcat/transcript?ag_id=13#ew_0_28985,or,less,see,less,119.453,119.663,less,lEs,l,119.453,119.533,Retained,NonC,P
_^(l)$,30,CB10interview2.eaf,CB10,122.633,125.541,g_13;em_12_3456;n_67880-n_67882;p_10;#=es_1_36383;prefix=30-;[0]=ew_0_29003,https://labb-cat.linguistics.pitt.edu/labbcat/transcript?ag_id=13#ew_0_29003,I,live,there's .,live,124.913,125.153,live,lIv,l,124.913,124.983,Deleted,NonC,nonpast
_^(l)$,31,CB10interview2.eaf,CB10,131.567,132.854,g_13;em_12_3458;n_67884-n_67886;p_10;#=es_1_36437;prefix=31-;[0]=ew_0_29018,https://labb-cat.linguistics.pitt.edu/labbcat/transcript?ag_id=13#ew_0_29018,um,asphalt,and,asphalt,131.58700000000002,132.067,asphalt,{sf{lt,l,131.907,132.02700000000002,Deleted,NonC,nonpast
_^(l)$,32,CB10interview2.eaf,CB10,131.567,132.854,g_13;em_12_3458;n_67884-n_67886;p_10;#=es_1_36445;prefix=32-;[0]=ew_0_29023,https://labb-cat.linguistics.pitt.edu/labbcat/transcript?ag_id=13#ew_0_29023,a,lot,of,lot,132.447,132.567,lot,lQt,l,132.447,132.497,Retained,NonC,nonpast
_^(l)$,33,CB10interview2.eaf,CB10,133.602,140.678,g_13;em_12_3460;n_67888-n_67890;p_10;#=es_1_36473;prefix=33-;[0]=ew_0_29031,https://labb-cat.linguistics.pitt.edu/labbcat/transcript?ag_id=13#ew_0_29031,it's,all,woods,all,136.042,136.522,all,$l,l,136.492,136.522,Deleted,Cons,nonpast
_^(l)$,34,CB10interview2.eaf,CB10,141.32,143.35,g_13;em_12_3462;n_67892-n_67893;p_10;#=es_1_36519;prefix=34-;[0]=ew_0_29049,https://labb-cat.linguistics.pitt.edu/labbcat/transcript?ag_id=13#ew_0_29049,my,little,world,little,142.35,142.59,little,lItP,l,142.35,142.4,Retained,NonC,nonpast
_^(l)$,35,CB10interview2.eaf,CB10,141.32,143.35,g_13;em_12_3462;n_67892-n_67893;p_10;#=es_1_36525;prefix=35-;[0]=ew_0_29050,https://labb-cat.linguistics.pitt.edu/labbcat/transcript?ag_id=13#ew_0_29050,little,world,they,world,142.59,142.82999999999998,world,w3ld,l,142.73,142.78,Retained,Cons,nonpast
_^(l)$,36,CB10interview2.eaf,CB10,151.987,155.059,g_13;em_12_3470;n_67897-n_67899;p_10;#=es_1_36618;prefix=36-;[0]=ew_0_29099,https://labb-cat.linguistics.pitt.edu/labbcat/transcript?ag_id=13#ew_0_29099,just,logistically,get,logistically,153.617,154.237,logistically,l@_IstIklI,l,153.617,153.677,Deleted,NonC,nonpast
_^(l)$,37,CB10interview2.eaf,CB10,151.987,155.059,g_13;em_12_3470;n_67897-n_67899;p_10;#=es_1_36626;prefix=37-;[0]=ew_0_29099,https://labb-cat.linguistics.pitt.edu/labbcat/transcript?ag_id=13#ew_0_29099,just,logistically,get,logistically,153.617,154.237,logistically,l@_IstIklI,l,154.107,154.15699999999998,Retained,NonC,P
_^(l)$,38,CB10interview2.eaf,CB10,162.494,172.273,g_13;em_12_3486;n_67915-n_67917;p_10;#=es_1_36675;prefix=38-;[0]=ew_0_29133,https://labb-cat.linguistics.pitt.edu/labbcat/transcript?ag_id=13#ew_0_29133,that,little,road,little,164.214,164.474,little,lItP,l,164.214,164.304,Retained,NonC,nonpast
_^(l)$,39,CB10interview2.eaf,CB10,162.494,172.273,g_13;em_12_3486;n_67915-n_67917;p_10;#=es_1_36695;prefix=39-;[0]=ew_0_29138,https://labb-cat.linguistics.pitt.edu/labbcat/transcript?ag_id=13#ew_0_29138,a,particular,couple,particular,165.304,165.824,particular,p@tIkj@l@,l,165.694,165.764,Deleted,NonC,nonpast
_^(l)$,40,CB10interview2.eaf,CB10,162.494,172.273,g_13;em_12_3486;n_67915-n_67917;p_10;#=es_1_36753;prefix=40-;[0]=ew_0_29158,https://labb-cat.linguistics.pitt.edu/labbcat/transcript?ag_id=13#ew_0_29158,a,little,bit,little,171.834,172.094,little,lItP,l,171.834,171.904,Retained,NonC,nonpast
_^(l)$,41,CB10interview2.eaf,CB10,172.713,178.225,g_13;em_12_3488;n_67919-n_67920;p_10;#=es_1_36808;prefix=41-;[0]=ew_0_29176,https://labb-cat.linguistics.pitt.edu/labbcat/transcript?ag_id=13#ew_0_29176,it's,always,planned,always,177.283,177.573,always,$lwIz,l,177.373,177.423,Deleted,NonC,P
_^(l)$,42,CB10interview2.eaf,CB10,172.713,178.225,g_13;em_12_3488;n_67919-n_67920;p_10;#=es_1_36813;prefix=42-;[0]=ew_0_29177,https://labb-cat.linguistics.pitt.edu/labbcat/transcript?ag_id=13#ew_0_29177,always,planned,NA,planned,177.703,178.113,planned,pl{nd,l,177.753,177.793,Deleted,NonC,P
_^(l)$,43,CB10interview2.eaf,CB10,201.664,205.568,g_13;em_12_3498;n_67923-n_69853;p_10;#=es_1_36829;prefix=43-;[0]=ew_0_29247,https://labb-cat.linguistics.pitt.edu/labbcat/transcript?ag_id=13#ew_0_29247,country .,definitely,country,definitely,202.524,202.894,definitely,dEfn@tlI,l,202.80399999999997,202.83399999999995,Deleted,Cons,nonpast
_^(l)$,44,CB10interview2.eaf,CB10,206.324,207.69,g_13;em_12_3500;n_67927-n_67928;p_10;#=es_1_36864;prefix=44-;[0]=ew_0_29262,https://labb-cat.linguistics.pitt.edu/labbcat/transcript?ag_id=13#ew_0_29262,I,really,enjoy,really,206.754,207.044,really,r7lI,l,206.904,206.964,Retained,Cons,nonpast
_^(l)$,45,CB10interview2.eaf,CB10,219.689,227.892,g_13;em_12_3509;n_67935-n_67937;p_10;#=es_1_36952;prefix=45-;[0]=ew_0_29323,https://labb-cat.linguistics.pitt.edu/labbcat/transcript?ag_id=13#ew_0_29323,his,family,come .,family,222.689,223.139,family,f{mlI,l,222.949,222.989,Retained,Cons,P
_^(l)$,46,CB10interview2.eaf,CB10,219.689,227.892,g_13;em_12_3509;n_67935-n_67937;p_10;#=es_1_36967;prefix=46-;[0]=ew_0_29327,https://labb-cat.linguistics.pitt.edu/labbcat/transcript?ag_id=13#ew_0_29327,Beaver,Falls,out,Falls,224.549,224.979,falls,f$lz,l,224.909,224.939,Retained,Cons,P
_^(l)$,47,CB10interview2.eaf,CB10,219.689,227.892,g_13;em_12_3509;n_67935-n_67937;p_10;#=es_1_36980;prefix=47-;[0]=ew_0_29331,https://labb-cat.linguistics.pitt.edu/labbcat/transcript?ag_id=13#ew_0_29331,just .,well,dark,well,225.799,225.919,well,wEl,l,225.869,225.919,Deleted,NonC,nonpast
_^(l)$,48,CB10interview2.eaf,CB10,219.689,227.892,g_13;em_12_3509;n_67935-n_67937;p_10;#=es_1_36988;prefix=48-;[0]=ew_0_29334,https://labb-cat.linguistics.pitt.edu/labbcat/transcript?ag_id=13#ew_0_29334,out,well,yeah,well,227.049,227.159,well,wEl,l,227.129,227.159,Retained,NonC,nonpast
_^(l)$,49,CB10interview2.eaf,CB10,229.559,237.94,g_13;em_12_3514;n_67941-n_67943;p_10;#=es_1_37005;prefix=49-;[0]=ew_0_29347,https://labb-cat.linguistics.pitt.edu/labbcat/transcript?ag_id=13#ew_0_29347,they've,really .,you,really .,230.159,230.559,really,r7lI,l,230.299,230.399,Retained,Cons,nonpast
_^(l)$,50,CB10interview2.eaf,CB10,249.117,250.26,g_13;em_12_3524;n_67951-n_67952;p_10;#=es_1_37091;prefix=50-;[0]=ew_0_29406,https://labb-cat.linguistics.pitt.edu/labbcat/transcript?ag_id=13#ew_0_29406,the,elementary,school,elementary,249.537,249.957,elementary,El@mEntrI,l,249.617,249.647,Retained,NonC,P
_^(l)$,51,CB10interview2.eaf,CB10,249.117,250.26,g_13;em_12_3524;n_67951-n_67952;p_10;#=es_1_37102;prefix=51-;[0]=ew_0_29407,https://labb-cat.linguistics.pitt.edu/labbcat/transcript?ag_id=13#ew_0_29407,elementary,school,NA,school,249.957,250.227,school,skul,l,250.167,250.227,Retained,Cons,nonpast
_^(l)$,52,CB10interview2.eaf,CB10,251.306,253.773,g_13;em_12_3527;n_67955-n_67957;p_10;#=es_1_37108;prefix=52-;[0]=ew_0_29414,https://labb-cat.linguistics.pitt.edu/labbcat/transcript?ag_id=13#ew_0_29414,with,children,who,children,251.526,251.91600000000005,children,JIldr@n,l,251.626,251.656,Deleted,Cons,nonpast
_^(l)$,53,CB10interview2.eaf,CB10,251.306,253.773,g_13;em_12_3527;n_67955-n_67957;p_10;#=es_1_37127;prefix=53-;[0]=ew_0_29418,https://labb-cat.linguistics.pitt.edu/labbcat/transcript?ag_id=13#ew_0_29418,reading,problems,I,problems,252.856,253.626,problems,prQbl@mz,l,253.276,253.316,Retained,Cons,P
_^(l)$,54,CB10interview2.eaf,CB10,254.14,254.819,g_13;em_12_3529;n_67959-n_67960;p_10;#=es_1_37131;prefix=54-;[0]=ew_0_29420,https://labb-cat.linguistics.pitt.edu/labbcat/transcript?ag_id=13#ew_0_29420,I,like,to,like,254.16,254.27,like,l2k,l,254.16,254.19,Deleted,NonC,nonpast
_^(l)$,55,CB10interview2.eaf,CB10,255.499,259.607,g_13;em_12_3532;n_67961-n_67962;p_10;#=es_1_37142;prefix=55-;[0]=ew_0_29429,https://labb-cat.linguistics.pitt.edu/labbcat/transcript?ag_id=13#ew_0_29429,I,also,work,also,255.659,255.919,also,Qls5,l,255.699,255.759,Deleted,NonC,nonpast
_^(l)$,56,CB10interview2.eaf,CB10,255.499,259.607,g_13;em_12_3532;n_67961-n_67962;p_10;#=es_1_37167;prefix=56-;[0]=ew_0_29436,https://labb-cat.linguistics.pitt.edu/labbcat/transcript?ag_id=13#ew_0_29436,with,Marilyn .,I,Marilyn .,257.099,257.549,marilyn,m8r@lIn,l,257.399,257.459,Deleted,NonC,nonpast
_^(l)$,57,CB10interview2.eaf,CB10,255.499,259.607,g_13;em_12_3532;n_67961-n_67962;p_10;#=es_1_37173;prefix=57-;[0]=ew_0_29438,https://labb-cat.linguistics.pitt.edu/labbcat/transcript?ag_id=13#ew_0_29438,I,volunteer,in,volunteer,257.969,258.449,volunteer,vQl@nt7,l,258.169,258.199,Retained,Cons,nonpast
_^(l)$,58,CB10interview2.eaf,CB10,264.44,274.54,g_13;em_12_3534;n_67963-n_67965;p_10;#=es_1_37212;prefix=58-;[0]=ew_0_29464,https://labb-cat.linguistics.pitt.edu/labbcat/transcript?ag_id=13#ew_0_29464,I'm,usually,there,usually,265.86,266.26,usually,juZ9lI,l,266.11,266.16,Retained,Cons,nonpast
_^(l)$,59,CB10interview2.eaf,CB10,264.44,274.54,g_13;em_12_3534;n_67963-n_67965;p_10;#=es_1_37243;prefix=59-;[0]=ew_0_29473,https://labb-cat.linguistics.pitt.edu/labbcat/transcript?ag_id=13#ew_0_29473,a,lot,of,lot,268.09,268.32,lot,lQt,l,268.09,268.14,Deleted,NonC,nonpast
_^(l)$,60,CB10interview2.eaf,CB10,264.44,274.54,g_13;em_12_3534;n_67963-n_67965;p_10;#=es_1_37278;prefix=60-;[0]=ew_0_29485,https://labb-cat.linguistics.pitt.edu/labbcat/transcript?ag_id=13#ew_0_29485,I,will,help,will,271.79,271.96999999999997,will,@l,l,271.86,271.96999999999997,Retained,NonC,nonpast
_^(l)$,61,CB10interview2.eaf,CB10,264.44,274.54,g_13;em_12_3534;n_67963-n_67965;p_10;#=es_1_37281;prefix=61-;[0]=ew_0_29486,https://labb-cat.linguistics.pitt.edu/labbcat/transcript?ag_id=13#ew_0_29486,will,help,pack,help,271.96999999999997,272.27,help,hElp,l,272.08,272.18,Deleted,NonC,nonpast
_^(l)$,62,CB10interview2.eaf,CB10,264.44,274.54,g_13;em_12_3534;n_67963-n_67965;p_10;#=es_1_37288;prefix=62-;[0]=ew_0_29489,https://labb-cat.linguistics.pitt.edu/labbcat/transcript?ag_id=13#ew_0_29489,up,like,their,like,273.13,273.3,like,l2k,l,273.13,273.17,Retained,NonC,nonpast
_^(l)$,63,CB10interview2.eaf,CB10,264.44,274.54,g_13;em_12_3534;n_67963-n_67965;p_10;#=es_1_37295;prefix=63-;[0]=ew_0_29491,https://labb-cat.linguistics.pitt.edu/labbcat/transcript?ag_id=13#ew_0_29491,their,holiday,pack,holiday,273.53,273.88,holiday,hQl@dI,l,273.67,273.7,Deleted,Cons,P
_^(l)$,64,CB10interview2.eaf,CB10,274.54,277.425,g_13;em_12_3535;n_67965-n_67967;p_10;#=es_1_37322;prefix=64-;[0]=ew_0_29499,https://labb-cat.linguistics.pitt.edu/labbcat/transcript?ag_id=13#ew_0_29499,to,help,distribute,help,276.15000000000003,276.33000000000004,help,hElp,l,276.24,276.28000000000003,Retained,NonC,P
_^(l)$,65,CB10interview2.eaf,CB10,291.18,300.573,g_13;em_12_3547;n_67979-n_69854;p_10;#=es_1_37359;prefix=65-;[0]=ew_0_29560,https://labb-cat.linguistics.pitt.edu/labbcat/transcript?ag_id=13#ew_0_29560,just,excellent,at,excellent,291.37,291.81,excellent,Eks@l@nt,l,291.67,291.72,Deleted,Cons,nonpast
_^(l)$,66,CB10interview2.eaf,CB10,291.18,300.573,g_13;em_12_3547;n_67979-n_69854;p_10;#=es_1_37417;prefix=66-;[0]=ew_0_29580,https://labb-cat.linguistics.pitt.edu/labbcat/transcript?ag_id=13#ew_0_29580,that,like,if,like,296.3,296.49,like,l2k,l,296.3,296.33,Retained,NonC,nonpast
_^(l)$,67,CB10interview2.eaf,CB10,291.18,300.573,g_13;em_12_3547;n_67979-n_69854;p_10;#=es_1_37437;prefix=67-;[0]=ew_0_29585,https://labb-cat.linguistics.pitt.edu/labbcat/transcript?ag_id=13#ew_0_29585,twenty,dollars,that,dollars,297.27,297.69,dollars,dQl@z,l,297.42,297.54,Deleted,Cons,nonpast
_^(l)$,68,CB10interview2.eaf,CB10,291.18,300.573,g_13;em_12_3547;n_67979-n_69854;p_10;#=es_1_37452;prefix=68-;[0]=ew_0_29588,https://labb-cat.linguistics.pitt.edu/labbcat/transcript?ag_id=13#ew_0_29588,there's,probably,twenty,probably,298.06,298.5,probably,prQb@blI,l,298.37,298.40000000000003,Deleted,Cons,P
_^(l)$,69,CB10interview2.eaf,CB10,291.18,300.573,g_13;em_12_3547;n_67979-n_69854;p_10;#=es_1_37465;prefix=69-;[0]=ew_0_29591,https://labb-cat.linguistics.pitt.edu/labbcat/transcript?ag_id=13#ew_0_29591,five,dollars,that,dollars,299.01,299.58,dollars,dQl@z,l,299.18,299.28000000000003,Retained,Cons,nonpast
_^(l)$,70,CB10interview2.eaf,CB10,312.512,320.52,g_13;em_12_3559;n_67993-n_67995;p_10;#=es_1_37572;prefix=70-;[0]=ew_0_29653,https://labb-cat.linguistics.pitt.edu/labbcat/transcript?ag_id=13#ew_0_29653,we,really,just,really,315.362,315.722,really,r7lI,l,315.532,315.612,Retained,Cons,nonpast
_^(l)$,71,CB10interview2.eaf,CB10,312.512,320.52,g_13;em_12_3559;n_67993-n_67995;p_10;#=es_1_37622;prefix=71-;[0]=ew_0_29672,https://labb-cat.linguistics.pitt.edu/labbcat/transcript?ag_id=13#ew_0_29672,a,little,girl,little,319.632,319.832,little,lItP,l,319.632,319.662,Retained,NonC,P
_^(l)$,72,CB10interview2.eaf,CB10,312.512,320.52,g_13;em_12_3559;n_67993-n_67995;p_10;#=es_1_37628;prefix=72-;[0]=ew_0_29673,https://labb-cat.linguistics.pitt.edu/labbcat/transcript?ag_id=13#ew_0_29673,little,girl,and,girl,319.832,320.082,girl,g3l,l,320.052,320.082,Deleted,Cons,nonpast
_^(l)$,73,CB10interview2.eaf,CB10,320.52,322.87,g_13;em_12_3560;n_67995-n_67997;p_10;#=es_1_37639;prefix=73-;[0]=ew_0_29678,https://labb-cat.linguistics.pitt.edu/labbcat/transcript?ag_id=13#ew_0_29678,a,girly,girl,girly,322,322.29999999999995,girly,g3lI,l,322.13,322.21999999999997,Deleted,NonC,nonpast
_^(l)$,74,CB10interview2.eaf,CB10,320.52,322.87,g_13;em_12_3560;n_67995-n_67997;p_10;#=es_1_37643;prefix=74-;[0]=ew_0_29679,https://labb-cat.linguistics.pitt.edu/labbcat/transcript?ag_id=13#ew_0_29679,girly,girl,she's,girl,322.29999999999995,322.52,girl,g3l,l,322.49,322.52,Retained,Cons,P
_^(l)$,75,CB10interview2.eaf,CB10,323.625,325.944,g_13;em_12_3562;n_67999-n_68001;p_10;#=es_1_37665;prefix=75-;[0]=ew_0_29687,https://labb-cat.linguistics.pitt.edu/labbcat/transcript?ag_id=13#ew_0_29687,painted,fingernails,and,fingernails,324.395,325.015,fingernails,fINg@n1lz,l,324.805,324.975,Deleted,Cons,P
_^(l)$,76,CB10interview2.eaf,CB10,323.625,325.944,g_13;em_12_3562;n_67999-n_68001;p_10;#=es_1_37672;prefix=76-;[0]=ew_0_29690,https://labb-cat.linguistics.pitt.edu/labbcat/transcript?ag_id=13#ew_0_29690,the,blonde,curly,blonde,325.235,325.595,blonde,blQnd,l,325.295,325.335,Retained,NonC,nonpast
_^(l)$,77,CB10interview2.eaf,CB10,323.625,325.944,g_13;em_12_3562;n_67999-n_68001;p_10;#=es_1_37678;prefix=77-;[0]=ew_0_29691,https://labb-cat.linguistics.pitt.edu/labbcat/transcript?ag_id=13#ew_0_29691,blonde,curly,hair,curly,325.595,325.895,curly,k3lI,l,325.705,325.835,Deleted,NonC,P
_^(l)$,78,CB10interview2.eaf,CB10,329.721,333.832,g_13;em_12_3566;n_68006-n_68007;p_10;#=es_1_37721;prefix=78-;[0]=ew_0_29711,https://labb-cat.linguistics.pitt.edu/labbcat/transcript?ag_id=13#ew_0_29711,her,family,and,family,331.331,331.791,family,f{mlI,l,331.591,331.63100000000003,Deleted,Cons,P
_^(l)$,79,CB10interview2.eaf,CB10,329.721,333.832,g_13;em_12_3566;n_68006-n_68007;p_10;#=es_1_37728;prefix=79-;[0]=ew_0_29715,https://labb-cat.linguistics.pitt.edu/labbcat/transcript?ag_id=13#ew_0_29715,have,really,gotten,really,332.571,332.971,really,r7lI,l,332.771,332.861,Retained,NonC,P
_^(l)$,80,CB10interview2.eaf,CB10,329.721,333.832,g_13;em_12_3566;n_68006-n_68007;p_10;#=es_1_37735;prefix=80-;[0]=ew_0_29717,https://labb-cat.linguistics.pitt.edu/labbcat/transcript?ag_id=13#ew_0_29717,gotten,along,NA,along,333.531,333.731,along,@lQN,l,333.571,333.63100000000003,Deleted,NonC,P
_^(l)$,81,CB10interview2.eaf,CB10,342.019,343.685,g_13;em_12_3576;n_68012-n_68013;p_10;#=es_1_37787;prefix=81-;[0]=ew_0_29754,https://labb-cat.linguistics.pitt.edu/labbcat/transcript?ag_id=13#ew_0_29754,NA,she'll,be,she'll,342.209,342.349,she'll,SIl,l,342.319,342.349,Deleted,Cons,P
_^(l)$,82,CB10interview2.eaf,CB10,346.27500000000003,356.445,g_13;em_12_3578;n_68014-n_68016;p_10;#=es_1_37838;prefix=82-;[0]=ew_0_29787,https://labb-cat.linguistics.pitt.edu/labbcat/transcript?ag_id=13#ew_0_29787,her,last,year .,last,349.825,350.315,last,l#st,l,349.825,349.92499999999995,Deleted,NonC,nonpast
_^(l)$,83,CB10interview2.eaf,CB10,346.27500000000003,356.445,g_13;em_12_3578;n_68014-n_68016;p_10;#=es_1_37864;prefix=83-;[0]=ew_0_29795,https://labb-cat.linguistics.pitt.edu/labbcat/transcript?ag_id=13#ew_0_29795,didn't,really,think,really,352.97499999999997,353.265,really,r7lI,l,353.085,353.155,Deleted,NonC,nonpast
_^(l)$,84,CB10interview2.eaf,CB10,356.445,361.042,g_13;em_12_3579;n_68016-n_68017;p_10;#=es_1_37911;prefix=84-;[0]=ew_0_29810,https://labb-cat.linguistics.pitt.edu/labbcat/transcript?ag_id=13#ew_0_29810,mom,probably,middle,probably,356.635,357.485,probably,prQb@blI,l,357.385,357.415,Retained,Cons,nonpast
_^(l)$,85,CB10interview2.eaf,CB10,356.445,361.042,g_13;em_12_3579;n_68016-n_68017;p_10;#=es_1_37946;prefix=85-;[0]=ew_0_29822,https://labb-cat.linguistics.pitt.edu/labbcat/transcript?ag_id=13#ew_0_29822,you,really,should,really,359.775,360.065,really,r7lI,l,359.905,359.985,Retained,NonC,nonpast
_^(l)$,86,CB10interview2.eaf,CB10,361.54,368.49,g_13;em_12_3581;n_68018-n_68020;p_10;#=es_1_37978;prefix=86-;[0]=ew_0_29833,https://labb-cat.linguistics.pitt.edu/labbcat/transcript?ag_id=13#ew_0_29833,good,luck .,with,luck .,363.42,363.69,luck,lVk,l,363.42,363.53,Deleted,Cons,nonpast
_^(l)$,87,CB10interview2.eaf,CB10,361.54,368.49,g_13;em_12_3581;n_68018-n_68020;p_10;#=es_1_38006;prefix=87-;[0]=ew_0_29842,https://labb-cat.linguistics.pitt.edu/labbcat/transcript?ag_id=13#ew_0_29842,different,philosophy -,but,philosophy -,365.83,366.5,philosophy,f@lQs@fI,l,365.9,365.93,Retained,NonC,nonpast
_^(l)$,88,CB10interview2.eaf,CB10,368.49,373.925,g_13;em_12_3582;n_68020-n_68021;p_10;#=es_1_38037;prefix=88-;[0]=ew_0_29851,https://labb-cat.linguistics.pitt.edu/labbcat/transcript?ag_id=13#ew_0_29851,who,she'll,have,she'll,369.27,369.48,she'll,SIl,l,369.45,369.48,Retained,Cons,P
_^(l)$,89,CB10interview2.eaf,CB10,368.49,373.925,g_13;em_12_3582;n_68020-n_68021;p_10;#=es_1_38089;prefix=89-;[0]=ew_0_29866,https://labb-cat.linguistics.pitt.edu/labbcat/transcript?ag_id=13#ew_0_29866,I,certainly,will,certainly,373.28,373.8,certainly,s3tHlI,l,373.74,373.77,Retained,Cons,nonpast
_^(l)$,90,CB10interview2.eaf,CB10,374.405,375.725,g_13;em_12_3584;n_68022-n_68023;p_10;#=es_1_38094;prefix=90-;[0]=ew_0_29870,https://labb-cat.linguistics.pitt.edu/labbcat/transcript?ag_id=13#ew_0_29870,NA,help,her,help,374.68499999999995,374.875,help,hElp,l,374.74499999999995,374.8049999999999,Retained,Cons,nonpast
_^(l)$,91,CB10interview2.eaf,CB10,376.27,380.785,g_13;em_12_3586;n_68024-n_68025;p_10;#=es_1_38114;prefix=91-;[0]=ew_0_29879,https://labb-cat.linguistics.pitt.edu/labbcat/transcript?ag_id=13#ew_0_29879,cute,little,girl,little,376.92,377.0499999999999,little,lItP,l,376.92,376.95,Retained,NonC,nonpast
_^(l)$,92,CB10interview2.eaf,CB10,376.27,380.785,g_13;em_12_3586;n_68024-n_68025;p_10;#=es_1_38120;prefix=92-;[0]=ew_0_29880,https://labb-cat.linguistics.pitt.edu/labbcat/transcript?ag_id=13#ew_0_29880,little,girl,and,girl,377.1,377.2,girl,g3l,l,377.16,377.2,Retained,Cons,P
_^(l)$,93,CB10interview2.eaf,CB10,376.27,380.785,g_13;em_12_3586;n_68024-n_68025;p_10;#=es_1_38124;prefix=93-;[0]=ew_0_29882,https://labb-cat.linguistics.pitt.edu/labbcat/transcript?ag_id=13#ew_0_29882,and,like,I,like,377.47,377.64,like,l2k,l,377.47,377.52,Retained,NonC,nonpast
_^(l)$,94,CB10interview2.eaf,CB10,386.915,390.169,g_13;em_12_3589;n_68026-n_68028;p_10;#=es_1_38159;prefix=94-;[0]=ew_0_29916,https://labb-cat.linguistics.pitt.edu/labbcat/transcript?ag_id=13#ew_0_29916,I,like,to,like,387.335,387.545,like,l2k,l,387.335,387.375,Deleted,Cons,nonpast
_^(l)$,95,CB10interview2.eaf,CB10,386.915,390.169,g_13;em_12_3589;n_68026-n_68028;p_10;#=es_1_38174;prefix=95-;[0]=ew_0_29922,https://labb-cat.linguistics.pitt.edu/labbcat/transcript?ag_id=13#ew_0_29922,a,lot,of,lot,388.785,388.955,lot,lQt,l,388.785,388.865,Deleted,NonC,P
_^(l)$,96,CB10interview2.eaf,CB10,386.915,390.169,g_13;em_12_3589;n_68026-n_68028;p_10;#=es_1_38189;prefix=96-;[0]=ew_0_29927,https://labb-cat.linguistics.pitt.edu/labbcat/transcript?ag_id=13#ew_0_29927,my,family,I,family,389.545,389.925,family,f{mlI,l,389.835,389.865,Deleted,NonC,nonpast
_^(l)$,97,CB10interview2.eaf,CB10,390.467,396.794,g_13;em_12_3591;n_68030-n_68031;p_10;#=es_1_38235;prefix=97-;[0]=ew_0_29944,https://labb-cat.linguistics.pitt.edu/labbcat/transcript?ag_id=13#ew_0_29944,just,constantly,doing,constantly,395.317,395.997,constantly,kQnstHtlI,l,395.857,395.887,Deleted,NonC,nonpast
